{"properties": [
  {
    "name": "eureka.client.lease.duration",
    "type": "java.lang.String",
    "description": "A description for 'eureka.client.lease.duration'"
  },
  {
    "name": "eureka.client.healthcheck.enabled",
    "type": "java.lang.String",
    "description": "A description for 'eureka.client.healthcheck.enabled'"
  },
  {
    "name": "eureka.client.service-url.defaultzone",
    "type": "java.lang.String",
    "description": "A description for 'eureka.client.service-url.defaultzone'"
  },
  {
    "name": "eureka.instance.lease-renewal-interval-in-seconds",
    "type": "java.lang.String",
    "description": "A description for 'eureka.instance.lease-renewal-interval-in-seconds'"
  },
  {
    "name": "eureka.instance.lease-expiration-duration-in-seconds",
    "type": "java.lang.String",
    "description": "A description for 'eureka.instance.lease-expiration-duration-in-seconds'"
  }
]}